"step","time","part","epoch","loss","lr","dx_f_measure"
120,"2024-09-05 01:59:54.591222","train",0,0.06740958988666534,4.010094768384448e-06,""
240,"2024-09-05 02:01:15.671816","train",0,0.049570705741643906,4.040374827523263e-06,""
360,"2024-09-05 02:02:36.433992","train",0,0.039479613304138184,4.0908274411588e-06,""
480,"2024-09-05 02:03:57.605618","train",0,0.04306820034980774,4.161431388147334e-06,""
600,"2024-09-05 02:05:18.394545","train",0,0.05145600438117981,4.2521569713850404e-06,""
720,"2024-09-05 02:06:39.867343","train",0,0.03651978075504303,4.362966030299032e-06,""
840,"2024-09-05 02:08:01.585416","train",0,0.03439735248684883,4.493811956898295e-06,""
960,"2024-09-05 02:09:22.560470","train",0,0.052728913724422455,4.644639715377694e-06,""
1080,"2024-09-05 02:10:43.679582","train",0,0.03757161274552345,4.81538586526689e-06,""
1200,"2024-09-05 02:12:05.910315","train",0,0.04001154750585556,5.005978588114415e-06,""
1320,"2024-09-05 02:13:27.005141","train",0,0.049909740686416626,5.21633771769555e-06,""
1440,"2024-09-05 02:14:48.157817","train",0,0.033406004309654236,5.446374773731541e-06,""
1560,"2024-09-05 02:16:10.347330","train",0,0.037857528775930405,5.695992999105664e-06,""
1680,"2024-09-05 02:17:32.106174","train",0,0.051484137773513794,5.96508740056087e-06,""
1800,"2024-09-05 02:18:53.527147","train",0,0.039148908108472824,6.253544792861481e-06,""
1920,"2024-09-05 02:20:15.480942","train",0,0.04338447377085686,6.561243846400666e-06,""
2040,"2024-09-05 02:21:37.242353","train",0,0.041097767651081085,6.888055138233517e-06,""
2160,"2024-09-05 02:22:58.358892","train",0,0.03346167132258415,7.233841206514348e-06,""
2280,"2024-09-05 02:24:20.517087","train",0,0.02241995930671692,7.598456608315249e-06,""
2400,"2024-09-05 02:25:41.851756","train",0,0.02561810612678528,7.981747980801622e-06,""
2451,"2024-09-05 02:48:20.083803","train",0,"","",0.36999538960434536
2451,"2024-09-05 02:50:52.029638","val",0,"","",0.3578846613024976
2520,"2024-09-05 02:51:44.957955","train",1,0.039784759283065796,8.383554105738917e-06,""
2640,"2024-09-05 02:53:07.800235","train",1,0.03293457627296448,8.803705977303503e-06,""
2760,"2024-09-05 02:54:29.411202","train",1,0.03128930926322937,9.24202687316918e-06,""
2880,"2024-09-05 02:55:53.072547","train",1,0.03199554979801178,9.698332428839163e-06,""
3000,"2024-09-05 02:57:15.855672","train",1,0.025209739804267883,1.0172430715192784e-05,""
3120,"2024-09-05 02:58:54.675133","train",1,0.03505384922027588,1.0664122319213669e-05,""
3240,"2024-09-05 03:00:16.578006","train",1,0.03783782571554184,1.1173200427866018e-05,""
3360,"2024-09-05 03:01:40.021750","train",1,0.027196817100048065,1.169945091508336e-05,""
3480,"2024-09-05 03:03:03.696223","train",1,0.03331343084573746,1.224265243183311e-05,""
3600,"2024-09-05 03:04:26.070085","train",1,0.030959278345108032,1.2802576499219555e-05,""
3720,"2024-09-05 03:05:48.888621","train",1,0.020552758127450943,1.3378987604585493e-05,""
3840,"2024-09-05 03:07:11.883281","train",1,0.0406106561422348,1.3971643300572444e-05,""
3960,"2024-09-05 03:08:35.248689","train",1,0.03725987300276756,1.4580294307097816e-05,""
4080,"2024-09-05 03:09:57.689401","train",1,0.028424834832549095,1.520468461620586e-05,""
4200,"2024-09-05 03:11:19.532291","train",1,0.04956638067960739,1.5844551599748563e-05,""
4320,"2024-09-05 03:12:40.664637","train",1,0.04123358055949211,1.6499626119851135e-05,""
4440,"2024-09-05 03:14:03.136508","train",1,0.02664782665669918,1.7169632642115437e-05,""
4560,"2024-09-05 03:15:25.859179","train",1,0.026843149214982986,1.7854289351514017e-05,""
4680,"2024-09-05 03:16:48.319042","train",1,0.028464457020163536,1.85533082709259e-05,""
4800,"2024-09-05 03:18:11.136160","train",1,0.026535578072071075,1.9266395382264067e-05,""
4902,"2024-09-05 03:41:35.531797","train",1,"","",0.42566298779592754
4902,"2024-09-05 03:44:08.353620","val",1,"","",0.35535759843558246
4920,"2024-09-05 03:44:26.747462","train",2,0.03048374317586422,1.9993250750144074e-05,""
5040,"2024-09-05 03:45:50.204923","train",2,0.04114687070250511,2.073356864804145e-05,""
5160,"2024-09-05 03:47:12.842367","train",2,0.02675960771739483,2.148703768688491e-05,""
5280,"2024-09-05 03:48:34.615124","train",2,0.05217232555150986,2.225334094603145e-05,""
5400,"2024-09-05 03:49:54.110523","train",2,0.0330716073513031,2.303215610656804e-05,""
5520,"2024-09-05 03:51:15.003829","train",2,0.02749968133866787,2.3823155586883863e-05,""
5640,"2024-09-05 03:52:36.499339","train",2,0.030439790338277817,2.4626006680456133e-05,""
5760,"2024-09-05 03:53:58.431508","train",2,0.034934863448143005,2.544037169579166e-05,""
5880,"2024-09-05 03:55:20.738375","train",2,0.03374286741018295,2.626590809846503e-05,""
6000,"2024-09-05 03:56:42.710834","train",2,0.02495206892490387,2.7102268655193807e-05,""
6120,"2024-09-05 03:58:05.624917","train",2,0.025408482179045677,2.7949101579890264e-05,""
6240,"2024-09-05 03:59:28.428929","train",2,0.02846391312777996,2.880605068162793e-05,""
6360,"2024-09-05 04:00:52.062328","train",2,0.02113179862499237,2.967275551446098e-05,""
6480,"2024-09-05 04:02:14.166432","train",2,0.027403052896261215,3.0548851529033395e-05,""
6600,"2024-09-05 04:03:37.199429","train",2,0.03585895523428917,3.143397022591393e-05,""
6720,"2024-09-05 04:04:59.301173","train",2,0.0206975806504488,3.232773931059265e-05,""
6840,"2024-09-05 04:06:21.421632","train",2,0.03189679980278015,3.322978285007382e-05,""
6960,"2024-09-05 04:07:43.768922","train",2,0.028754528611898422,3.413972143099892e-05,""
7080,"2024-09-05 04:09:07.148197","train",2,0.035128578543663025,3.505717231923383e-05,""
7200,"2024-09-05 04:10:29.084501","train",2,0.026035036891698837,3.5981749620852716e-05,""
7320,"2024-09-05 04:11:51.099779","train",2,0.027571072801947594,3.691306444445081e-05,""
7353,"2024-09-05 04:34:53.045994","train",2,"","",0.5165518182403672
7353,"2024-09-05 04:37:30.160094","val",2,"","",0.482475106753159
7440,"2024-09-05 04:38:37.539802","train",3,0.028873872011899948,3.785072506471828e-05,""
7560,"2024-09-05 04:39:59.537422","train",3,0.03612206503748894,3.8794337087205705e-05,""
7680,"2024-09-05 04:41:20.467273","train",3,0.022437788546085358,3.9743503614212645e-05,""
7800,"2024-09-05 04:42:41.755913","train",3,0.023456357419490814,4.0697825411728706e-05,""
7920,"2024-09-05 04:44:02.550966","train",3,0.031102042645215988,4.1656901077357656e-05,""
8040,"2024-09-05 04:45:23.943313","train",3,0.03694991022348404,4.262032720915335e-05,""
8160,"2024-09-05 04:46:45.478477","train",3,0.031506799161434174,4.358769857529675e-05,""
8280,"2024-09-05 04:48:06.231293","train",3,0.02086084894835949,4.455860828454277e-05,""
8400,"2024-09-05 04:49:27.548822","train",3,0.033187687397003174,4.553264795736485e-05,""
8520,"2024-09-05 04:50:48.754739","train",3,0.047760725021362305,4.6509407897725726e-05,""
8640,"2024-09-05 04:52:10.957763","train",3,0.026861747726798058,4.748847726540185e-05,""
8760,"2024-09-05 04:53:31.071698","train",3,0.023873411118984222,4.84694442487891e-05,""
8880,"2024-09-05 04:54:52.654478","train",3,0.025705110281705856,4.9451896238117044e-05,""
9000,"2024-09-05 04:56:14.458716","train",3,0.024489261209964752,5.043541999899899e-05,""
9120,"2024-09-05 04:57:36.021691","train",3,0.034789469093084335,5.141960184624464e-05,""
9240,"2024-09-05 04:59:10.917139","train",3,0.01950680837035179,5.2404027817862477e-05,""
9360,"2024-09-05 05:00:32.407535","train",3,0.03404802456498146,5.338828384917858e-05,""
9480,"2024-09-05 05:01:52.656923","train",3,0.019318535923957825,5.4371955946998445e-05,""
9600,"2024-09-05 05:03:13.984140","train",3,0.029026664793491364,5.5354630363739037e-05,""
9720,"2024-09-05 05:04:33.545121","train",3,0.031656429171562195,5.633589377145722e-05,""
9804,"2024-09-05 05:27:36.790717","train",3,"","",0.5621673883168454
9804,"2024-09-05 05:30:08.475901","val",3,"","",0.4971098458265663
9840,"2024-09-05 05:30:45.244293","train",4,0.009831630624830723,5.731533343570198e-05,""
9960,"2024-09-05 05:32:07.568989","train",4,0.027766481041908264,5.829253738911675e-05,""
10080,"2024-09-05 05:33:29.765203","train",4,0.02524798922240734,5.9267094604719295e-05,""
10200,"2024-09-05 05:34:52.392073","train",4,0.01626267284154892,6.023859516878589e-05,""
10320,"2024-09-05 05:36:15.030294","train",4,0.03471175581216812,6.12066304532674e-05,""
10440,"2024-09-05 05:37:38.124418","train",4,0.024537041783332825,6.217079328766446e-05,""
10560,"2024-09-05 05:39:00.316933","train",4,0.021326256915926933,6.313067813028963e-05,""
10680,"2024-09-05 05:40:22.701614","train",4,0.03046075627207756,6.40858812388445e-05,""
10800,"2024-09-05 05:41:42.891640","train",4,0.01790941134095192,6.503600084023988e-05,""
10920,"2024-09-05 05:43:02.871155","train",4,0.02243248000741005,6.598063729958768e-05,""
11040,"2024-09-05 05:44:24.424422","train",4,0.02704467996954918,6.691939328829356e-05,""
11160,"2024-09-05 05:45:46.371821","train",4,0.02460717223584652,6.785187395117937e-05,""
11280,"2024-09-05 05:47:08.410752","train",4,0.03762764856219292,6.87776870725653e-05,""
11400,"2024-09-05 05:48:30.007582","train",4,0.025304164737462997,6.969644324124192e-05,""
11520,"2024-09-05 05:49:52.335478","train",4,0.022049948573112488,7.060775601426228e-05,""
11640,"2024-09-05 05:51:14.371808","train",4,0.03926926851272583,7.151124207948608e-05,""
11760,"2024-09-05 05:52:35.457277","train",4,0.027574848383665085,7.240652141680634e-05,""
11880,"2024-09-05 05:53:57.804631","train",4,0.0333186574280262,7.329321745799176e-05,""
12000,"2024-09-05 05:55:19.903708","train",4,0.017269104719161987,7.41709572450773e-05,""
12120,"2024-09-05 05:56:41.971898","train",4,0.020764116197824478,7.50393715872357e-05,""
12240,"2024-09-05 05:58:03.499149","train",4,0.03248748183250427,7.589809521606512e-05,""
12255,"2024-09-05 06:20:09.819692","train",4,"","",0.593940544274054
12255,"2024-09-05 06:22:40.816582","val",4,"","",0.5245071610840212
12360,"2024-09-05 06:24:02.548794","train",5,0.02202175185084343,7.674676693922635e-05,""
12480,"2024-09-05 06:25:23.896466","train",5,0.020901747047901154,7.758502979236613e-05,""
12600,"2024-09-05 06:26:46.145861","train",5,0.023566117510199547,7.84125311892616e-05,""
12720,"2024-09-05 06:28:07.673669","train",5,0.01760057732462883,7.922892307012364e-05,""
12840,"2024-09-05 06:29:30.216134","train",5,0.027454152703285217,8.003386204799604e-05,""
12960,"2024-09-05 06:30:52.310182","train",5,0.042389463633298874,8.082700955318946e-05,""
13080,"2024-09-05 06:32:14.249882","train",5,0.03678910434246063,8.160803197568888e-05,""
13200,"2024-09-05 06:33:35.464049","train",5,0.01890685223042965,8.237660080547521e-05,""
13320,"2024-09-05 06:34:56.658205","train",5,0.028496384620666504,8.313239277070163e-05,""
13440,"2024-09-05 06:36:19.748159","train",5,0.023236282169818878,8.387508997366661e-05,""
13560,"2024-09-05 06:37:41.564306","train",5,0.02026514708995819,8.460438002452672e-05,""
13680,"2024-09-05 06:39:02.717686","train",5,0.029218625277280807,8.531995617269238e-05,""
13800,"2024-09-05 06:40:24.567332","train",5,0.012995487079024315,8.60215174358521e-05,""
13920,"2024-09-05 06:41:46.786354","train",5,0.016842909157276154,8.670876872657001e-05,""
14040,"2024-09-05 06:43:09.044796","train",5,0.0175162386149168,8.738142097640446e-05,""
14160,"2024-09-05 06:44:31.264692","train",5,0.02473914436995983,8.803919125749431e-05,""
14280,"2024-09-05 06:45:54.251586","train",5,0.04247574135661125,8.868180290156307e-05,""
14400,"2024-09-05 06:47:16.435442","train",5,0.03128032386302948,8.930898561628949e-05,""
14520,"2024-09-05 06:48:38.280914","train",5,0.013939067721366882,8.992047559899696e-05,""
14640,"2024-09-05 06:49:59.796138","train",5,0.015889786183834076,9.051601564761275e-05,""
14706,"2024-09-05 07:12:57.842541","train",5,"","",0.6136701876703259
14706,"2024-09-05 07:15:27.048417","val",5,"","",0.528887095043551
14760,"2024-09-05 07:16:14.678675","train",6,0.01737549528479576,9.109535526885128e-05,""
14880,"2024-09-05 07:17:37.597943","train",6,0.01851627603173256,9.165825078357535e-05,""
15000,"2024-09-05 07:18:59.084055","train",6,0.038454100489616394,9.22044654292914e-05,""
15120,"2024-09-05 07:20:21.178663","train",6,0.016365710645914078,9.27337694597354e-05,""
15240,"2024-09-05 07:21:43.966347","train",6,0.04087582975625992,9.324594024150765e-05,""
15360,"2024-09-05 07:23:06.118867","train",6,0.034953802824020386,9.37407623477159e-05,""
15480,"2024-09-05 07:24:28.223699","train",6,0.026585331186652184,9.4218027648587e-05,""
15600,"2024-09-05 07:25:50.747536","train",6,0.02953895553946495,9.467753539900978e-05,""
15720,"2024-09-05 07:27:13.386997","train",6,0.023390691727399826,9.51190923229712e-05,""
15840,"2024-09-05 07:28:35.299526","train",6,0.024082448333501816,9.554251269485146e-05,""
15960,"2024-09-05 07:29:57.230367","train",6,0.0197940431535244,9.59476184175429e-05,""
16080,"2024-09-05 07:31:20.496591","train",6,0.026092728599905968,9.633423909736046e-05,""
16200,"2024-09-05 07:32:42.237627","train",6,0.023646283894777298,9.670221211571182e-05,""
16320,"2024-09-05 07:34:02.151997","train",6,0.00991330947726965,9.705138269749733e-05,""
16440,"2024-09-05 07:35:22.888073","train",6,0.02002270519733429,9.738160397621073e-05,""
16560,"2024-09-05 07:36:46.293924","train",6,0.02408839575946331,9.769273705571353e-05,""
16680,"2024-09-05 07:38:08.237166","train",6,0.01936289109289646,9.798465106865678e-05,""
16800,"2024-09-05 07:39:29.606164","train",6,0.0175419133156538,9.825722323152596e-05,""
16920,"2024-09-05 07:40:51.352079","train",6,0.01758134551346302,9.851033889628556e-05,""
17040,"2024-09-05 07:42:12.092504","train",6,0.0149717777967453,9.87438915986018e-05,""
17157,"2024-09-05 08:05:24.775880","train",6,"","",0.6294231282688906
17157,"2024-09-05 08:07:57.292893","val",6,"","",0.5148532587881736
17160,"2024-09-05 08:08:07.737077","train",7,0.03242899104952812,9.895778310262324e-05,""
17280,"2024-09-05 08:09:29.816619","train",7,0.02067379280924797,9.915192344230018e-05,""
17400,"2024-09-05 08:10:49.418898","train",7,0.01922566071152687,9.932623095922579e-05,""
17520,"2024-09-05 08:12:09.966437","train",7,0.01923232339322567,9.948063233698299e-05,""
17640,"2024-09-05 08:13:31.511733","train",7,0.029594291001558304,9.961506263198231e-05,""
17760,"2024-09-05 08:14:52.677685","train",7,0.018164291977882385,9.972946530077825e-05,""
17880,"2024-09-05 08:16:13.856662","train",7,0.025332968682050705,9.982379222385233e-05,""
18000,"2024-09-05 08:17:35.311409","train",7,0.012812992557883263,9.989800372585282e-05,""
18120,"2024-09-05 08:18:56.736218","train",7,0.018567198887467384,9.99520685922829e-05,""
18240,"2024-09-05 08:20:19.328670","train",7,0.022045563906431198,9.998596408262989e-05,""
18360,"2024-09-05 08:21:42.039499","train",7,0.04769713804125786,9.999967593993026e-05,""
18480,"2024-09-05 08:23:04.083102","train",7,0.034659482538700104,9.9998698794548e-05,""
18600,"2024-09-05 08:24:24.933779","train",7,0.021656688302755356,9.999359721512465e-05,""
18720,"2024-09-05 08:25:46.207742","train",7,0.025754829868674278,9.998463366147308e-05,""
18840,"2024-09-05 08:27:07.780469","train",7,0.019706953316926956,9.997180882602494e-05,""
18960,"2024-09-05 08:28:29.978983","train",7,0.02380593866109848,9.995512369949478e-05,""
19080,"2024-09-05 08:29:51.630768","train",7,0.025544937700033188,9.993457957080336e-05,""
19200,"2024-09-05 08:31:13.501684","train",7,0.010803349316120148,9.99101780269782e-05,""
19320,"2024-09-05 08:32:35.191202","train",7,0.019900739192962646,9.988192095303087e-05,""
19440,"2024-09-05 08:33:57.069706","train",7,0.05214152857661247,9.984981053181144e-05,""
19560,"2024-09-05 08:35:18.259694","train",7,0.015775013715028763,9.981384924383988e-05,""
19608,"2024-09-05 08:57:51.490144","train",7,"","",0.6584870780635094
19608,"2024-09-05 09:00:27.024489","val",7,"","",0.5196621799508973
19680,"2024-09-05 09:01:27.370976","train",8,0.010418407618999481,9.97740398671144e-05,""
19800,"2024-09-05 09:02:48.767540","train",8,0.010530902072787285,9.973038547689682e-05,""
19920,"2024-09-05 09:04:11.130291","train",8,0.026758229359984398,9.968288944547507e-05,""
20040,"2024-09-05 09:05:31.578278","train",8,0.00999654270708561,9.963155544190269e-05,""
20160,"2024-09-05 09:06:52.757916","train",8,0.021060988306999207,9.957638743171527e-05,""
20280,"2024-09-05 09:08:13.930735","train",8,0.01529335044324398,9.951738967662433e-05,""
20400,"2024-09-05 09:09:35.501791","train",8,0.01081645768135786,9.945456673418787e-05,""
20520,"2024-09-05 09:10:57.410512","train",8,0.045288197696208954,9.938792345745848e-05,""
20640,"2024-09-05 09:12:18.961625","train",8,0.02988847903907299,9.931746499460831e-05,""
20760,"2024-09-05 09:13:51.653352","train",8,0.014023865573108196,9.924319678853153e-05,""
20880,"2024-09-05 09:15:13.516443","train",8,0.027348529547452927,9.91651245764237e-05,""
21000,"2024-09-05 09:16:35.679775","train",8,0.0334942564368248,9.908325438933868e-05,""
21120,"2024-09-05 09:17:57.945782","train",8,0.023047778755426407,9.89975925517227e-05,""
21240,"2024-09-05 09:19:19.274798","train",8,0.017663393169641495,9.890814568092581e-05,""
21360,"2024-09-05 09:20:40.804524","train",8,0.01489865779876709,9.881492068669067e-05,""
21480,"2024-09-05 09:22:01.998479","train",8,0.019794829189777374,9.871792477061879e-05,""
21600,"2024-09-05 09:23:23.788684","train",8,0.018106495961546898,9.861716542561423e-05,""
21720,"2024-09-05 09:24:44.840435","train",8,0.01146575715392828,9.851265043530472e-05,""
21840,"2024-09-05 09:26:06.068311","train",8,0.023458894342184067,9.840438787344044e-05,""
21960,"2024-09-05 09:27:27.004726","train",8,0.013337242417037487,9.829238610327027e-05,""
22059,"2024-09-05 09:51:04.978030","train",8,"","",0.6218226809593794
22059,"2024-09-05 09:53:38.804950","val",8,"","",0.5001330546117646
22080,"2024-09-05 09:54:04.796919","train",9,0.021662801504135132,9.817665377689577e-05,""
22200,"2024-09-05 09:55:28.604325","train",9,0.009773037396371365,9.805719983460279e-05,""
22320,"2024-09-05 09:56:50.844513","train",9,0.019671794027090073,9.793403350417083e-05,""
22440,"2024-09-05 09:58:13.136514","train",9,0.012613932602107525,9.780716430016026e-05,""
22560,"2024-09-05 09:59:37.193252","train",9,0.012665834277868271,9.76766020231772e-05,""
22680,"2024-09-05 10:01:00.418163","train",9,0.01070958748459816,9.754235675911653e-05,""
22800,"2024-09-05 10:02:22.807129","train",9,0.020766764879226685,9.740443887838274e-05,""
22920,"2024-09-05 10:03:43.168915","train",9,0.016455475240945816,9.726285903508875e-05,""
23040,"2024-09-05 10:05:04.187012","train",9,0.012899493798613548,9.711762816623302e-05,""
23160,"2024-09-05 10:06:26.742696","train",9,0.01758185774087906,9.69687574908545e-05,""
23280,"2024-09-05 10:07:49.443089","train",9,0.012683823704719543,9.681625850916612e-05,""
23400,"2024-09-05 10:09:13.076099","train",9,0.024168405681848526,9.666014300166628e-05,""
23520,"2024-09-05 10:10:36.485664","train",9,0.014092965982854366,9.650042302822892e-05,""
23640,"2024-09-05 10:11:59.144586","train",9,0.011797523126006126,9.633711092717178e-05,""
23760,"2024-09-05 10:13:22.703799","train",9,0.012324145063757896,9.617021931430338e-05,""
23880,"2024-09-05 10:14:44.573739","train",9,0.017727555707097054,9.599976108194833e-05,""
24000,"2024-09-05 10:16:08.118464","train",9,0.009589312598109245,9.582574939795161e-05,""
24120,"2024-09-05 10:17:31.082307","train",9,0.023343337699770927,9.564819770466106e-05,""
24240,"2024-09-05 10:18:54.718867","train",9,0.018527941778302193,9.546711971788926e-05,""
24360,"2024-09-05 10:20:17.926206","train",9,0.024901194497942924,9.528252942585377e-05,""
24480,"2024-09-05 10:21:41.376741","train",9,0.01997307501733303,9.509444108809665e-05,""
24510,"2024-09-05 10:44:44.320707","train",9,"","",0.6909244878664714
24510,"2024-09-05 10:47:22.656093","val",9,"","",0.5246215507373498
24600,"2024-09-05 10:48:37.787218","train",10,0.013147234916687012,9.490286923438292e-05,""
24720,"2024-09-05 10:50:02.197682","train",10,0.0223084744066,9.470782866357809e-05,""
24840,"2024-09-05 10:51:25.230783","train",10,0.0229813065379858,9.450933444250497e-05,""
24960,"2024-09-05 10:52:48.637618","train",10,0.015349498949944973,9.430740190477976e-05,""
25080,"2024-09-05 10:54:10.489700","train",10,0.01243958156555891,9.41020466496276e-05,""
25200,"2024-09-05 10:55:32.782348","train",10,0.02200593799352646,9.389328454067741e-05,""
25320,"2024-09-05 10:56:55.719428","train",10,0.011096345260739326,9.36811317047365e-05,""
25440,"2024-09-05 10:58:18.524789","train",10,0.008882774040102959,9.346560453054482e-05,""
25560,"2024-09-05 10:59:41.532078","train",10,0.009009052067995071,9.324671966750885e-05,""
25680,"2024-09-05 11:01:03.707762","train",10,0.009156632237136364,9.302449402441549e-05,""
25800,"2024-09-05 11:02:26.377744","train",10,0.015901178121566772,9.279894476812586e-05,""
25920,"2024-09-05 11:03:48.928419","train",10,0.01630542427301407,9.257008932224916e-05,""
26040,"2024-09-05 11:05:12.513348","train",10,0.011362066492438316,9.233794536579665e-05,""
26160,"2024-09-05 11:06:35.097881","train",10,0.011215383186936378,9.210253083181605e-05,""
26280,"2024-09-05 11:07:58.583081","train",10,0.013926736079156399,9.186386390600616e-05,""
26400,"2024-09-05 11:09:21.144157","train",10,0.019651886075735092,9.162196302531201e-05,""
26520,"2024-09-05 11:10:44.559068","train",10,0.00903383083641529,9.137684687650061e-05,""
26640,"2024-09-05 11:12:06.826033","train",10,0.010370748117566109,9.112853439471748e-05,""
26760,"2024-09-05 11:13:30.433575","train",10,0.020269397646188736,9.087704476202379e-05,""
26880,"2024-09-05 11:14:53.265992","train",10,0.010762613266706467,9.06223974059147e-05,""
26961,"2024-09-05 11:38:37.153107","train",10,"","",0.7028986939937235
26961,"2024-09-05 11:41:15.289960","val",10,"","",0.5269917526031157
27000,"2024-09-05 11:41:52.505748","train",11,0.015958981588482857,9.036461199781842e-05,""
27120,"2024-09-05 11:43:14.307161","train",11,0.021304091438651085,9.010370845157677e-05,""
27240,"2024-09-05 11:44:35.849396","train",11,0.012375503778457642,8.98397069219067e-05,""
27360,"2024-09-05 11:45:58.179394","train",11,0.023435279726982117,8.957262780284346e-05,""
27480,"2024-09-05 11:47:20.696160","train",11,0.025537889450788498,8.930249172616508e-05,""
27600,"2024-09-05 11:48:42.081150","train",11,0.016840333119034767,8.90293195597986e-05,""
27720,"2024-09-05 11:50:05.437064","train",11,0.014056727290153503,8.875313240620808e-05,""
27840,"2024-09-05 11:51:28.494364","train",11,0.0223455261439085,8.847395160076431e-05,""
27960,"2024-09-05 11:52:51.192403","train",11,0.012817690148949623,8.819179871009686e-05,""
28080,"2024-09-05 11:54:13.947052","train",11,0.012357610277831554,8.790669553042784e-05,""
28200,"2024-09-05 11:55:35.283269","train",11,0.014833762310445309,8.761866408588834e-05,""
28320,"2024-09-05 11:56:58.104826","train",11,0.014923589304089546,8.732772662681696e-05,""
28440,"2024-09-05 11:58:20.807488","train",11,0.011677838861942291,8.703390562804098e-05,""
28560,"2024-09-05 11:59:42.966706","train",11,0.00905392225831747,8.673722378714026e-05,""
28680,"2024-09-05 12:01:05.229778","train",11,0.024395575746893883,8.64377040226938e-05,""
28800,"2024-09-05 12:02:27.287153","train",11,0.013304511085152626,8.613536947250931e-05,""
28920,"2024-09-05 12:03:48.663057","train",11,0.018944954499602318,8.58302434918358e-05,""
29040,"2024-09-05 12:05:10.744350","train",11,0.014929750934243202,8.55223496515594e-05,""
29160,"2024-09-05 12:06:32.464524","train",11,0.011311124078929424,8.521171173638257e-05,""
29280,"2024-09-05 12:07:54.593530","train",11,0.013254918158054352,8.489835374298663e-05,""
29400,"2024-09-05 12:09:16.750081","train",11,0.011408284306526184,8.458229987817814e-05,""
29412,"2024-09-05 12:31:42.460895","train",11,"","",0.7377876708435998
29412,"2024-09-05 12:34:17.083038","val",11,"","",0.5472374082463868
29520,"2024-09-05 12:35:40.600812","train",12,0.01536839734762907,8.426357455701885e-05,""
29640,"2024-09-05 12:37:02.277518","train",12,0.008522619493305683,8.394220240093971e-05,""
29760,"2024-09-05 12:38:24.777075","train",12,0.013496225699782372,8.361820823583877e-05,""
29880,"2024-09-05 12:39:48.573782","train",12,0.008331410586833954,8.329161709016353e-05,""
30000,"2024-09-05 12:41:11.030428","train",12,0.011300167068839073,8.296245419297736e-05,""
30120,"2024-09-05 12:42:33.874662","train",12,0.013583667576313019,8.263074497201066e-05,""
30240,"2024-09-05 12:43:54.562614","train",12,0.009171886369585991,8.229651505169655e-05,""
30360,"2024-09-05 12:45:16.152577","train",12,0.02030795067548752,8.195979025119137e-05,""
30480,"2024-09-05 12:46:38.211796","train",12,0.009051639586687088,8.162059658238013e-05,""
30600,"2024-09-05 12:48:00.451758","train",12,0.008587285876274109,8.127896024786723e-05,""
30720,"2024-09-05 12:49:22.769204","train",12,0.00921914167702198,8.093490763895214e-05,""
30840,"2024-09-05 12:50:45.837431","train",12,0.012838437221944332,8.058846533359083e-05,""
30960,"2024-09-05 12:52:08.023219","train",12,0.009617382660508156,8.023966009434252e-05,""
31080,"2024-09-05 12:53:30.398524","train",12,0.01924595609307289,7.98885188663024e-05,""
31200,"2024-09-05 12:54:53.012385","train",12,0.009121003560721874,7.953506877501997e-05,""
31320,"2024-09-05 12:56:15.643990","train",12,0.009051082655787468,7.917933712440377e-05,""
31440,"2024-09-05 12:57:37.922147","train",12,0.010148553177714348,7.882135139461203e-05,""
31560,"2024-09-05 12:58:59.501674","train",12,0.008765418082475662,7.846113923992991e-05,""
31680,"2024-09-05 13:00:22.224251","train",12,0.012785578146576881,7.80987284866332e-05,""
31800,"2024-09-05 13:01:44.033765","train",12,0.008784103207290173,7.77341471308387e-05,""
31863,"2024-09-05 13:25:04.913734","train",12,"","",0.7270730803685944
31863,"2024-09-05 13:27:41.341481","val",12,"","",0.5365152456348141
31920,"2024-09-05 13:28:30.036042","train",13,0.01752394810318947,7.736742333634166e-05,""
32040,"2024-09-05 13:30:02.679142","train",13,0.00846356712281704,7.699858543243994e-05,""
32160,"2024-09-05 13:31:23.320956","train",13,0.008842367678880692,7.662766191174575e-05,""
32280,"2024-09-05 13:32:44.480597","train",13,0.014037922024726868,7.625468142798453e-05,""
32400,"2024-09-05 13:34:06.508823","train",13,0.00832541286945343,7.587967279378148e-05,""
32520,"2024-09-05 13:35:29.067084","train",13,0.010751578025519848,7.550266497843577e-05,""
32640,"2024-09-05 13:36:51.596826","train",13,0.012206755578517914,7.512368710568269e-05,""
32760,"2024-09-05 13:38:14.027775","train",13,0.015804296359419823,7.474276845144383e-05,""
32880,"2024-09-05 13:39:36.292562","train",13,0.01152900792658329,7.435993844156558e-05,""
33000,"2024-09-05 13:40:59.516505","train",13,0.00911189429461956,7.39752266495459e-05,""
33120,"2024-09-05 13:42:22.383563","train",13,0.008795921690762043,7.358866279424988e-05,""
33240,"2024-09-05 13:43:45.712502","train",13,0.00938832014799118,7.32002767376139e-05,""
33360,"2024-09-05 13:45:07.813831","train",13,0.009041680954396725,7.281009848233877e-05,""
33480,"2024-09-05 13:46:29.377051","train",13,0.013251915574073792,7.241815816957216e-05,""
33600,"2024-09-05 13:47:51.440348","train",13,0.009761516004800797,7.202448607658011e-05,""
33720,"2024-09-05 13:49:11.521957","train",13,0.009919444099068642,7.16291126144081e-05,""
33840,"2024-09-05 13:50:32.545682","train",13,0.010596733540296555,7.123206832553185e-05,""
33960,"2024-09-05 13:51:54.446555","train",13,0.013957790099084377,7.083338388149795e-05,""
34080,"2024-09-05 13:53:15.708308","train",13,0.01337951235473156,7.043309008055447e-05,""
34200,"2024-09-05 13:54:37.286534","train",13,0.0133626414462924,7.003121784527174e-05,""
34314,"2024-09-05 14:18:08.422993","train",13,"","",0.7588253573137723
34314,"2024-09-05 14:20:46.081032","val",13,"","",0.5360853032749276
34320,"2024-09-05 14:21:02.373826","train",14,0.027389049530029297,6.962779822015369e-05,""
34440,"2024-09-05 14:22:24.368356","train",14,0.00861794501543045,6.92228623692396e-05,""
34560,"2024-09-05 14:23:46.423083","train",14,0.00841853953897953,6.881644157369677e-05,""
34680,"2024-09-05 14:25:09.133314","train",14,0.0084169777110219,6.840856722940392e-05,""
34800,"2024-09-05 14:26:30.099895","train",14,0.009870555251836777,6.799927084452607e-05,""
34920,"2024-09-05 14:27:50.747130","train",14,0.009373167529702187,6.758858403708027e-05,""
35040,"2024-09-05 14:29:13.268886","train",14,0.00854900199919939,6.717653853249346e-05,""
35160,"2024-09-05 14:30:35.421670","train",14,0.01002674363553524,6.676316616115134e-05,""
35280,"2024-09-05 14:31:58.007416","train",14,0.008374731056392193,6.634849885593977e-05,""
35400,"2024-09-05 14:33:20.354019","train",14,0.008643381297588348,6.59325686497778e-05,""
35520,"2024-09-05 14:34:42.528764","train",14,0.008699249476194382,6.551540767314315e-05,""
35640,"2024-09-05 14:36:05.682008","train",14,0.008891559205949306,6.509704815159024e-05,""
35760,"2024-09-05 14:37:27.993811","train",14,0.009145627729594707,6.467752240326064e-05,""
35880,"2024-09-05 14:38:49.783443","train",14,0.008270567283034325,6.425686283638664e-05,""
36000,"2024-09-05 14:40:12.956734","train",14,0.008429272100329399,6.383510194678759e-05,""
36120,"2024-09-05 14:41:34.983931","train",14,0.009481932036578655,6.341227231535971e-05,""
36240,"2024-09-05 14:42:57.726388","train",14,0.008357415907084942,6.29884066055592e-05,""
36360,"2024-09-05 14:44:21.220463","train",14,0.013237332925200462,6.256353756087897e-05,""
36480,"2024-09-05 14:45:44.125936","train",14,0.00885746255517006,6.213769800231924e-05,""
36600,"2024-09-05 14:47:06.582706","train",14,0.014602835290133953,6.171092082585211e-05,""
36720,"2024-09-05 14:48:29.830868","train",14,0.009522522799670696,6.12832389998804e-05,""
36765,"2024-09-05 15:11:40.684740","train",14,"","",0.7772521565387442
36765,"2024-09-05 15:14:16.850935","val",14,"","",0.5532557709317986
36840,"2024-09-05 15:15:20.795354","train",15,0.013222387060523033,6.085468556269077e-05,""
36960,"2024-09-05 15:16:42.969866","train",15,0.014625842683017254,6.0425293619901625e-05,""
37080,"2024-09-05 15:18:04.631935","train",15,0.008338870480656624,5.9995096341905635e-05,""
37200,"2024-09-05 15:19:26.945381","train",15,0.008632628247141838,5.956412696130737e-05,""
37320,"2024-09-05 15:20:49.889975","train",15,0.01341993734240532,5.913241877035608e-05,""
37440,"2024-09-05 15:22:12.496150","train",15,0.013952409848570824,5.870000511837389e-05,""
37560,"2024-09-05 15:23:33.739333","train",15,0.015563717111945152,5.826691940917954e-05,""
37680,"2024-09-05 15:24:57.086525","train",15,0.010548251681029797,5.7833195098508035e-05,""
37800,"2024-09-05 15:26:20.419997","train",15,0.008264805190265179,5.739886569142609e-05,""
37920,"2024-09-05 15:27:43.697332","train",15,0.014832939021289349,5.6963964739743946e-05,""
38040,"2024-09-05 15:29:06.255431","train",15,0.010539190843701363,5.65285258394235e-05,""
38160,"2024-09-05 15:30:41.309766","train",15,0.00887891836464405,5.609258262798298e-05,""
38280,"2024-09-05 15:32:03.727296","train",15,0.011058565229177475,5.565616878189853e-05,""
38400,"2024-09-05 15:33:26.957286","train",15,0.008794590830802917,5.5219318014002624e-05,""
38520,"2024-09-05 15:34:49.754133","train",15,0.013568649999797344,5.4782064070879846e-05,""
38640,"2024-09-05 15:36:11.700105","train",15,0.008332135155797005,5.434444073025994e-05,""
38760,"2024-09-05 15:37:34.139470","train",15,0.009742006659507751,5.390648179840847e-05,""
38880,"2024-09-05 15:38:56.278809","train",15,0.013472369872033596,5.34682211075153e-05,""
39000,"2024-09-05 15:40:19.310327","train",15,0.008267524652183056,5.3029692513081164e-05,""
39120,"2024-09-05 15:41:39.083051","train",15,0.007806026842445135,5.2590929891302166e-05,""
39216,"2024-09-05 16:05:33.968466","train",15,"","",0.7844096909897125
39216,"2024-09-05 16:08:09.395230","val",15,"","",0.5556045248155139
39240,"2024-09-05 16:08:38.272367","train",16,0.008276231586933136,5.2151967136453004e-05,""
39360,"2024-09-05 16:10:00.867897","train",16,0.008541805669665337,5.171283815826859e-05,""
39480,"2024-09-05 16:11:23.206108","train",16,0.008208254352211952,5.1273576879324504e-05,""
39600,"2024-09-05 16:12:47.250675","train",16,0.007861943915486336,5.0834217232416566e-05,""
39720,"2024-09-05 16:14:10.827531","train",16,0.008197490125894547,5.0394793157939445e-05,""
39840,"2024-09-05 16:15:34.245289","train",16,0.008404910564422607,4.9955338601264837e-05,""
39960,"2024-09-05 16:16:57.724263","train",16,0.01323873084038496,4.95158875101192e-05,""
40080,"2024-09-05 16:18:19.714680","train",16,0.008373592048883438,4.907647383196124e-05,""
40200,"2024-09-05 16:19:40.476403","train",16,0.008213846012949944,4.863713151135955e-05,""
40320,"2024-09-05 16:21:02.637637","train",16,0.013140025548636913,4.819789448737037e-05,""
40440,"2024-09-05 16:22:26.063282","train",16,0.00848312396556139,4.77587966909158e-05,""
40560,"2024-09-05 16:23:48.848400","train",16,0.012351627461612225,4.731987204216267e-05,""
40680,"2024-09-05 16:25:12.203936","train",16,0.008213403634727001,4.6881154447902195e-05,""
40800,"2024-09-05 16:26:35.317735","train",16,0.008108148351311684,4.644267779893068e-05,""
40920,"2024-09-05 16:27:58.013811","train",16,0.008194424211978912,4.6004475967431526e-05,""
41040,"2024-09-05 16:29:20.863877","train",16,0.008273361250758171,4.556658280435856e-05,""
41160,"2024-09-05 16:30:43.367205","train",16,0.008365646004676819,4.512903213682099e-05,""
41280,"2024-09-05 16:32:06.433192","train",16,0.008198327384889126,4.4691857765470485e-05,""
41400,"2024-09-05 16:33:28.053051","train",16,0.008420106023550034,4.425509346188984e-05,""
41520,"2024-09-05 16:34:52.269028","train",16,0.014237267896533012,4.381877296598431e-05,""
41640,"2024-09-05 16:36:15.158390","train",16,0.019550509750843048,4.3382929983375104e-05,""
41667,"2024-09-05 16:58:42.756093","train",16,"","",0.7901652656515741
41667,"2024-09-05 17:01:01.249389","val",16,"","",0.5640542268331925
41760,"2024-09-05 17:02:11.750884","train",17,0.008366163820028305,4.294759818279572e-05,""
41880,"2024-09-05 17:03:27.581737","train",17,0.01337132416665554,4.2512811193490956e-05,""
42000,"2024-09-05 17:04:44.333990","train",17,0.008196026086807251,4.207860260261918e-05,""
42120,"2024-09-05 17:06:01.856157","train",17,0.00795272272080183,4.164500595265755e-05,""
42240,"2024-09-05 17:07:18.892186","train",17,0.008320335298776627,4.1212054738811124e-05,""
42360,"2024-09-05 17:08:35.847716","train",17,0.008195481263101101,4.077978240642511e-05,""
42480,"2024-09-05 17:09:52.648406","train",17,0.008083201944828033,4.034822234840139e-05,""
42600,"2024-09-05 17:11:09.550362","train",17,0.00820864737033844,3.9917407902618845e-05,""
42720,"2024-09-05 17:12:26.018343","train",17,0.008097493089735508,3.948737234935808e-05,""
42840,"2024-09-05 17:13:43.296116","train",17,0.00830826349556446,3.905814890873048e-05,""
42960,"2024-09-05 17:15:00.026675","train",17,0.008493972010910511,3.8629770738111956e-05,""
43080,"2024-09-05 17:16:16.629127","train",17,0.008441006764769554,3.820227092958163e-05,""
43200,"2024-09-05 17:17:33.667618","train",17,0.013507685624063015,3.7775682507365365e-05,""
43320,"2024-09-05 17:18:51.257125","train",17,0.00827360711991787,3.7350038425284825e-05,""
43440,"2024-09-05 17:20:06.948351","train",17,0.008383428677916527,3.692537156421154e-05,""
43560,"2024-09-05 17:21:24.147395","train",17,0.01177319884300232,3.650171472952717e-05,""
43680,"2024-09-05 17:22:40.963284","train",17,0.009634962305426598,3.6079100648589064e-05,""
43800,"2024-09-05 17:23:57.660743","train",17,0.008290968835353851,3.565756196820221e-05,""
43920,"2024-09-05 17:25:15.274440","train",17,0.008429552428424358,3.523713125209723e-05,""
44040,"2024-09-05 17:26:31.095820","train",17,0.008600193075835705,3.4817840978414866e-05,""
44118,"2024-09-05 17:47:57.118023","train",17,"","",0.7929418024296931
44118,"2024-09-05 17:50:16.009036","val",17,"","",0.5564100577032467
44160,"2024-09-05 17:50:47.430846","train",18,0.00810585543513298,3.439972353719698e-05,""
44280,"2024-09-05 17:52:03.699119","train",18,0.0081412922590971,3.398281122788463e-05,""
44400,"2024-09-05 17:53:20.221441","train",18,0.008366329595446587,3.3567136256822644e-05,""
44520,"2024-09-05 17:54:37.273030","train",18,0.013215495273470879,3.315273073477199e-05,""
44640,"2024-09-05 17:55:53.650503","train",18,0.008125262334942818,3.273962667442905e-05,""
44760,"2024-09-05 17:57:10.801712","train",18,0.008460670709609985,3.232785598795267e-05,""
44880,"2024-09-05 17:58:27.291505","train",18,0.00825016014277935,3.1917450484499035e-05,""
45000,"2024-09-05 17:59:43.781600","train",18,0.008382211439311504,3.150844186776434e-05,""
45120,"2024-09-05 18:01:00.213842","train",18,0.008409809321165085,3.110086173353574e-05,""
45240,"2024-09-05 18:02:17.608963","train",18,0.008161650039255619,3.069474156725053e-05,""
45360,"2024-09-05 18:03:34.207954","train",18,0.008218931965529919,3.0290112741564e-05,""
45480,"2024-09-05 18:04:49.744857","train",18,0.013199287466704845,2.988700651392576e-05,""
45600,"2024-09-05 18:06:06.246338","train",18,0.008155658841133118,2.9485454024165306e-05,""
45720,"2024-09-05 18:07:22.816342","train",18,0.008362832479178905,2.9085486292086254e-05,""
45840,"2024-09-05 18:08:39.435805","train",18,0.008368242532014847,2.8687134215070313e-05,""
45960,"2024-09-05 18:09:55.322497","train",18,0.008179029449820518,2.8290428565690208e-05,""
46080,"2024-09-05 18:11:11.716284","train",18,0.008234296925365925,2.7895399989332796e-05,""
46200,"2024-09-05 18:12:27.859210","train",18,0.00829601101577282,2.7502079001831442e-05,""
46320,"2024-09-05 18:13:43.880266","train",18,0.008284216746687889,2.7110495987108866e-05,""
46440,"2024-09-05 18:15:01.438634","train",18,0.01310303807258606,2.672068119482996e-05,""
46560,"2024-09-05 18:16:18.571295","train",18,0.012940850108861923,2.6332664738064907e-05,""
46569,"2024-09-05 18:36:56.182306","train",18,"","",0.7934768479271043
46569,"2024-09-05 18:39:16.094311","val",18,"","",0.552711763489179
46680,"2024-09-05 18:40:35.812804","train",19,0.008287915959954262,2.5946476590963124e-05,""
46800,"2024-09-05 18:41:52.178680","train",19,0.008454728871583939,2.556214658643763e-05,""
46920,"2024-09-05 18:43:07.970186","train",19,0.014649434015154839,2.5179704413860552e-05,""
47040,"2024-09-05 18:44:23.909135","train",19,0.008338609710335732,2.479917961676953e-05,""
47160,"2024-09-05 18:45:39.660878","train",19,0.008108865469694138,2.4420601590585612e-05,""
47280,"2024-09-05 18:46:54.990606","train",19,0.008393887430429459,2.4043999580342374e-05,""
47400,"2024-09-05 18:48:10.833558","train",19,0.008348079398274422,2.3669402678426814e-05,""
47520,"2024-09-05 18:49:26.910871","train",19,0.007938003167510033,2.3296839822331854e-05,""
47640,"2024-09-05 18:50:42.902085","train",19,0.008276259526610374,2.292633979242116e-05,""
47760,"2024-09-05 18:51:58.841416","train",19,0.008135735988616943,2.2557931209705576e-05,""
47880,"2024-09-05 18:53:14.709388","train",19,0.008343098685145378,2.2191642533632394e-05,""
48000,"2024-09-05 18:54:30.702880","train",19,0.008196348324418068,2.1827502059886774e-05,""
48120,"2024-09-05 18:55:46.279417","train",19,0.008319240063428879,2.1465537918205908e-05,""
48240,"2024-09-05 18:57:02.406268","train",19,0.008304715156555176,2.1105778070205997e-05,""
48360,"2024-09-05 18:58:18.478539","train",19,0.007994413375854492,2.0748250307222285e-05,""
48480,"2024-09-05 18:59:35.029465","train",19,0.008352662436664104,2.039298224816216e-05,""
48600,"2024-09-05 19:00:51.012413","train",19,0.00842231698334217,2.0040001337371513e-05,""
48720,"2024-09-05 19:02:06.809334","train",19,0.013255050405859947,1.9689334842514875e-05,""
48840,"2024-09-05 19:03:22.557381","train",19,0.00833437591791153,1.9341009852468745e-05,""
48960,"2024-09-05 19:04:38.391406","train",19,0.00828053243458271,1.8995053275229192e-05,""
49020,"2024-09-05 19:25:38.027164","train",19,"","",0.7942542770195492
49020,"2024-09-05 19:27:57.981416","val",19,"","",0.5572822462056172
49080,"2024-09-05 19:28:45.188168","train",20,0.008261416107416153,1.8651491835833123e-05,""
49200,"2024-09-05 19:30:01.868729","train",20,0.0080729890614748,1.83103520742938e-05,""
49320,"2024-09-05 19:31:17.585153","train",20,0.008152676746249199,1.7971660343550604e-05,""
49440,"2024-09-05 19:32:43.635024","train",20,0.01330685243010521,1.7635442807433326e-05,""
49560,"2024-09-05 19:33:59.302123","train",20,0.00816575437784195,1.7301725438641012e-05,""
49680,"2024-09-05 19:35:14.851741","train",20,0.008082992397248745,1.6970534016735568e-05,""
49800,"2024-09-05 19:36:30.875680","train",20,0.008357509970664978,1.664189412615024e-05,""
49920,"2024-09-05 19:37:46.676100","train",20,0.008292259648442268,1.6315831154213385e-05,""
50040,"2024-09-05 19:39:02.620553","train",20,0.008222904056310654,1.5992370289187105e-05,""
50160,"2024-09-05 19:40:19.183383","train",20,0.013248618692159653,1.5671536518321608e-05,""
50280,"2024-09-05 19:41:35.360537","train",20,0.008086559362709522,1.535335462592491e-05,""
50400,"2024-09-05 19:42:51.473774","train",20,0.008348952978849411,1.5037849191448205e-05,""
50520,"2024-09-05 19:44:07.483336","train",20,0.008243761025369167,1.4725044587587207e-05,""
50640,"2024-09-05 19:45:23.704421","train",20,0.008176333270967007,1.4414964978399282e-05,""
50760,"2024-09-05 19:46:39.596475","train",20,0.018305888399481773,1.4107634317436829e-05,""
50880,"2024-09-05 19:47:55.914886","train",20,0.008284359239041805,1.3803076345896817e-05,""
51000,"2024-09-05 19:49:12.687160","train",20,0.00825900211930275,1.3501314590786926e-05,""
51120,"2024-09-05 19:50:29.228601","train",20,0.013310158625245094,1.3202372363107874e-05,""
51240,"2024-09-05 19:51:44.802553","train",20,0.008064568974077702,1.2906272756052858e-05,""
51360,"2024-09-05 19:53:01.323915","train",20,0.00832442007958889,1.2613038643223491e-05,""
51471,"2024-09-05 20:14:20.790359","train",20,"","",0.7950428029902405
51471,"2024-09-05 20:16:38.636859","val",20,"","",0.5561498898011997
51480,"2024-09-05 20:16:49.625819","train",21,0.013310981914401054,1.2322692676862872e-05,""
51600,"2024-09-05 20:18:05.804651","train",21,0.013403079472482204,1.2035257286105663e-05,""
51720,"2024-09-05 20:19:22.337692","train",21,0.008441872894763947,1.17507546752455e-05,""
51840,"2024-09-05 20:20:38.540191","train",21,0.008288918994367123,1.1469206822019714e-05,""
51960,"2024-09-05 20:21:53.897459","train",21,0.008174199610948563,1.1190635475911458e-05,""
52080,"2024-09-05 20:23:09.708380","train",21,0.008272167295217514,1.0915062156469763e-05,""
52200,"2024-09-05 20:24:26.034488","train",21,0.008254251442849636,1.064250815164694e-05,""
52320,"2024-09-05 20:25:42.163677","train",21,0.008167946711182594,1.0372994516154233e-05,""
52440,"2024-09-05 20:26:58.397938","train",21,0.008320321328938007,1.0106542069835317e-05,""
52560,"2024-09-05 20:28:14.804841","train",21,0.0081785898655653,9.843171396057971e-06,""
52680,"2024-09-05 20:29:30.875625","train",21,0.013426646590232849,9.582902840123974e-06,""
52800,"2024-09-05 20:30:47.447571","train",21,0.007931269705295563,9.325756507697516e-06,""
52920,"2024-09-05 20:32:03.516076","train",21,0.008141890168190002,9.071752263251986e-06,""
53040,"2024-09-05 20:33:20.903570","train",21,0.00849882047623396,8.820909728535476e-06,""
53160,"2024-09-05 20:34:37.136599","train",21,0.008308682590723038,8.573248281054953e-06,""
53280,"2024-09-05 20:35:53.326279","train",21,0.008063115179538727,8.328787052579475e-06,""
53400,"2024-09-05 20:37:09.903574","train",21,0.008162159472703934,8.087544927662099e-06,""
53520,"2024-09-05 20:38:26.031573","train",21,0.008251628838479519,7.849540542181198e-06,""
53640,"2024-09-05 20:39:42.272735","train",21,0.007974103093147278,7.614792281900784e-06,""
53760,"2024-09-05 20:40:58.568382","train",21,0.008454456925392151,7.383318281050183e-06,""
53880,"2024-09-05 20:42:15.184625","train",21,0.008354738354682922,7.155136420923264e-06,""
53922,"2024-09-05 21:03:13.045029","train",21,"","",0.7954361365753211
53922,"2024-09-05 21:05:28.126520","val",21,"","",0.5562353447873543
54000,"2024-09-05 21:06:24.357826","train",22,0.012677833437919617,6.930264328497019e-06,""
54120,"2024-09-05 21:07:40.220915","train",22,0.008148240856826305,6.708719375069963e-06,""
54240,"2024-09-05 21:08:57.211724","train",22,0.008248480968177319,6.4905186749200986e-06,""
54360,"2024-09-05 21:10:13.570850","train",22,0.00840202160179615,6.2756790839830075e-06,""
54480,"2024-09-05 21:11:31.124423","train",22,0.008322627283632755,6.064217198549565e-06,""
54600,"2024-09-05 21:12:47.320187","train",22,0.008114529773592949,5.856149353983994e-06,""
54720,"2024-09-05 21:14:03.571595","train",22,0.008131596259772778,5.651491623461913e-06,""
54840,"2024-09-05 21:15:19.488032","train",22,0.008264756761491299,5.450259816728722e-06,""
54960,"2024-09-05 21:16:34.999363","train",22,0.008173319511115551,5.2524694788782424e-06,""
55080,"2024-09-05 21:17:51.075001","train",22,0.008244495838880539,5.058135889151952e-06,""
55200,"2024-09-05 21:19:06.853358","train",22,0.008131856098771095,4.867274059758596e-06,""
55320,"2024-09-05 21:20:24.308015","train",22,0.008324945345520973,4.679898734714543e-06,""
55440,"2024-09-05 21:21:40.124216","train",22,0.008066050708293915,4.496024388704765e-06,""
55560,"2024-09-05 21:23:07.090533","train",22,0.017804257571697235,4.315665225964731e-06,""
55680,"2024-09-05 21:24:23.685785","train",22,0.013352988287806511,4.138835179183113e-06,""
55800,"2024-09-05 21:25:39.433277","train",22,0.008348018862307072,3.9655479084254334e-06,""
55920,"2024-09-05 21:26:55.664518","train",22,0.008362059481441975,3.795816800078958e-06,""
56040,"2024-09-05 21:28:11.595405","train",22,0.008240116760134697,3.6296549658184487e-06,""
56160,"2024-09-05 21:29:27.553546","train",22,0.00827740877866745,3.4670752415934187e-06,""
56280,"2024-09-05 21:30:43.453701","train",22,0.008291678503155708,3.3080901866364723e-06,""
56373,"2024-09-05 21:51:41.529231","train",22,"","",0.795396982431077
56373,"2024-09-05 21:53:56.232243","val",22,"","",0.5543058686759573
56400,"2024-09-05 21:54:24.258654","train",23,0.008309923112392426,3.1527120824931742e-06,""
56520,"2024-09-05 21:55:41.616014","train",23,0.013482059352099895,3.0009529320732295e-06,""
56640,"2024-09-05 21:56:58.017111","train",23,0.008131488226354122,2.85282445872335e-06,""
56760,"2024-09-05 21:58:14.222266","train",23,0.008316509425640106,2.7083381053215566e-06,""
56880,"2024-09-05 21:59:30.532615","train",23,0.008351415395736694,2.5675050333932485e-06,""
57000,"2024-09-05 22:00:47.110353","train",23,0.008375713601708412,2.4303361222489923e-06,""
57120,"2024-09-05 22:02:03.797597","train",23,0.007934017106890678,2.296841968144093e-06,""
57240,"2024-09-05 22:03:19.863356","train",23,0.00829794816672802,2.167032883459988e-06,""
57360,"2024-09-05 22:04:35.870648","train",23,0.008264107629656792,2.040918895907702e-06,""
57480,"2024-09-05 22:05:51.412095","train",23,0.008176921866834164,1.918509747753156e-06,""
57600,"2024-09-05 22:07:07.998516","train",23,0.008150005713105202,1.7998148950645738e-06,""
57720,"2024-09-05 22:08:24.198205","train",23,0.013331404887139797,1.6848435069820411e-06,""
57840,"2024-09-05 22:09:40.275642","train",23,0.008139761164784431,1.5736044650091635e-06,""
57960,"2024-09-05 22:10:56.623069","train",23,0.01330676581710577,1.466106362327002e-06,""
58080,"2024-09-05 22:12:12.926818","train",23,0.008242564275860786,1.3623575031301836e-06,""
58200,"2024-09-05 22:13:29.400090","train",23,0.008252768777310848,1.2623659019855182e-06,""
58320,"2024-09-05 22:14:46.502664","train",23,0.007745700888335705,1.1661392832127563e-06,""
58440,"2024-09-05 22:16:02.213705","train",23,0.00799814984202385,1.0736850802879803e-06,""
58560,"2024-09-05 22:17:17.959789","train",23,0.00787267740815878,9.850104352693105e-07,""
58680,"2024-09-05 22:18:34.415942","train",23,0.01290205866098404,9.001221982452266e-07,""
58800,"2024-09-05 22:19:50.183307","train",23,0.01339705940335989,8.19026926805354e-07,""
58824,"2024-09-05 22:40:07.725708","train",23,"","",0.7954153447597551
58824,"2024-09-05 22:42:25.110025","val",23,"","",0.554583541254301
58920,"2024-09-05 22:43:36.495980","train",24,0.00833703950047493,7.417308855339489e-07,""
59040,"2024-09-05 22:44:53.095355","train",24,0.0081700524315238,6.68240045525904e-07,""
59160,"2024-09-05 22:46:10.513508","train",24,0.007967404089868069,5.985600839255194e-07,""
59280,"2024-09-05 22:47:27.853886","train",24,0.007969483733177185,5.326963834879494e-07,""
59400,"2024-09-05 22:48:45.230018","train",24,0.01794106885790825,4.7065403216334825e-07,""
59520,"2024-09-05 22:50:01.926545","train",24,0.008209831081330776,4.1243782270386907e-07,""
59640,"2024-09-05 22:51:19.000756","train",24,0.008228092454373837,3.5805225229340064e-07,""
59760,"2024-09-05 22:52:34.044473","train",24,0.008212853223085403,3.0750152220017986e-07,""
59880,"2024-09-05 22:53:50.215110","train",24,0.008396072313189507,2.607895374522084e-07,""
60000,"2024-09-05 22:55:06.647537","train",24,0.008126748725771904,2.1791990653563945e-07,""
60120,"2024-09-05 22:56:22.371783","train",24,0.01350432075560093,1.7889594111600197e-07,""
60240,"2024-09-05 22:57:39.339668","train",24,0.008661825209856033,1.437206557823507e-07,""
60360,"2024-09-05 22:58:56.086014","train",24,0.008209755644202232,1.1239676781443127e-07,""
60480,"2024-09-05 23:00:12.853397","train",24,0.007946822792291641,8.492669697274878e-08,""
60600,"2024-09-05 23:01:29.490164","train",24,0.008227790705859661,6.131256531165157e-08,""
60720,"2024-09-05 23:02:46.524091","train",24,0.007965913973748684,4.155619701537958e-08,""
60840,"2024-09-05 23:04:03.518946","train",24,0.007900421507656574,2.565911825718321e-08,""
60960,"2024-09-05 23:05:20.407769","train",24,0.008558868430554867,1.362255708140144e-08,""
61080,"2024-09-05 23:06:36.548940","train",24,0.00842830166220665,5.447443308604755e-09,""
61200,"2024-09-05 23:07:53.691293","train",24,0.008272611536085606,1.1344084637640124e-09,""
61275,"2024-09-05 23:29:22.403881","train",24,"","",0.7954468387456726
61275,"2024-09-05 23:31:43.291703","val",24,"","",0.5546525577102079
